20160105,ブタウスギリニク          ,477
20160105,ブタバラカルビ          ,513
20160105,かどやねりごま白,288
20151231,キリンビターズジンジャー３５０,112
20151231,トモエ１０種の野菜＆フルーツＤ〓２１Ｌ,99
20151231,オリオンミニコーラ,29
20151231,サンガリアこどもののみもの３,94
20151231,サンガこどもののみものＳ赤,94
20151231,とちおとめ小,498
20151231,サンガこどもののみものＳ赤,94
20151231,藤沢あげ玉６０Ｇ,98
20151231,藤沢桜えび９Ｇ,168
20151231,ブタウスギリニク          ,590
20151231,キャベツ,198
20151231,カツジメトヨノセブリ        ,1679
20151231,メバチマグロアカミ         ,875
20151231,不二家アンパンマングミりんご６,68
20151231,バンダイ仮面ライダーグミオレン,48
20151230,ちはま人参袋,198
20151230,ＫＴこむぎんちょ＆おし型,474
20151230,中村屋特あんまん５＋１個入,495
20151229,ピカンテカルメネールリザー,838
20151229,ＬＦＥカベルネ７５０,598
20151229,ヤオコーアップル１００％ジュース１０００ｍｌ,118
20151229,ヤオコー北海道牛乳１０００ｍｌ,189
20151229,森永マミー９００ｍｌ,94
20151229,森永コーラスウォター９００ｍｌ,75
20151229,ヤオコーオレンジ１００％ジュース１０００ｍｌ,118
20151229,Ｊオイルさらさらキャノーラ油,188
20151229,北創切り出し日高昆布８０ｇ,379
20151229,Ｓホワイトベルグ５００,155
20151229,Ｓホワイトベルグ５００,155
20151227,ＭＥランブルスコロッソＹ,698
20151227,キリンビールキリンハートラン,265
20151227,キリンビールキリンハートラン,265
20151227,森永のおいしい牛乳１０００ｍｌ,198
20151227,森永マミー９００ｍｌ,94
20151227,森永ビヒダスプレーンＹＧ４００ｇＢＢ５３６,129
20151227,森永ビヒダスプレーンＹＧ４００ｇＢＢ５３６,129
20151227,クロブタロースニク          ,408
20151227,クロブタロースニク          ,312
20151227,クロブタロースニク          ,300
20151227,カボチヤ 1/4           ,326
20151227,ジモトヤサイ             ,640
20151227,ジモトヤサイ             ,310
20151227,サーロインステーキヨウ         ,1270
20151227,スダコ                ,1062
20151227,ザツシ                ,917
20151219,チェスコジェラールカマンベールＤ〓３０１２５,568
20151219,チェスコジェラールカマンベールＤ〓３０１２５,0
20151219,チェスコジェラールカマンベールＤ〓３０１２５,568
20151219,チェスコジェラールカマンベールＤ〓３０１２５,0
20151219,トリモモニク              ,560
20151219,トリモモニク              ,528
20151219,ＳＳアロンドラカベルネ３Ｌ,1380
20151219,ＳＳアロンドラカベルネ３Ｌ,0
20151219,ＴＤキャステロダナブルーＤ〓２０１００,498
20151219,ＴＤキャステロダナブルーＤ〓２０１００,0
20151219,不二家アンパンマングミりんご６,68
20151219,佐藤サトウの切り餅めんけもち,498
20151219,プードゥカベルネ＆シラ７５０,528
20151219,プードゥカベルネ＆シラ７５０,0
20151219,ヤオコーツインパック絹豆腐２００ｇ×２,89
20151219,明治おいしい牛乳１０００ｍｌ,208
20151219,明治おいしい牛乳１０００ｍｌ,208
20151219,キリン氷結アップルＳＰ３５０,103
20151219,ナマスルメイカ             ,198
20151219,ナマスルメイカ             ,198
20151219,ヤオコーこだわり白たまご１０個入Ｄ〓３,198
20151219,アサヒ三ツ矢サイダー１５００,118
20151219,ヤオコーオレンジ１００％ジュース１０００ｍｌ,118
20151219,ジモトヤサイ             ,128
20151219,森永マミー９００ｍｌ,89
20151219,森永コーラスウォター９００ｍｌ,89
20151219,ヤオコーアップル１００％ジュース１０００ｍｌ,118
20151219,人参中袋,158
20151219,サーロインステーキヨウ         ,1017
20151219,カゴメ野菜一日これ一本２００ｍｌＤ〓２,85
20151219,バンダイライダーゴーストグミ,95
20151212,ファミリーピザ（クリーミーコーン）,780
20151212,森永マミー９００ｍｌ,94
20151212,森永コーラスウォター９００ｍｌ,75
20151212,明治おいしい牛乳１０００ｍｌ,218
20151212,ＳＵ澄みわたる柚子酒５００,458
20151212,キリン氷結ＳＴピーチ３５０,103
20151212,キリン本搾り冬柑３５０,103
20151212,トリモモニク              ,700
20151212,森永ハイチュウグリーンアップル,88
20151212,マルカワフィリックスガム,10
20151129,マルちゃん黒い豚カレーうどん,94
20151129,マルちゃん赤いきつねうどん,94
20151129,マルちゃん緑のたぬき天そば,94
20151129,マル白い力もちうどん,94
20151129,マルちゃん赤いきつねうどん,94
20151129,マルちゃん黒い豚カレーうどん,94
20151129,マルちゃん赤いきつねうどん,94
20151129,マルちゃん黒い豚カレーうどん,94
20151129,マルちゃん緑のたぬき天そば,94
20151129,マル白い力もちうどん,94
20151129,マルちゃん緑のたぬき天そば,94
20151129,マル白い力もちうどん,94
20151129,３種のたっぷりチーズフランス,198
20151129,ザクチョコドーナツ（チョコ）,130
20151129,ミルフィーユ（ブルーベリー）,160
20151129,十勝あんドーナツ・・・,120
20151129,ジャンボツイストドーナツ・・・販,94
20151129,ジャンボツイストドーナツ・・・販,94
20151129,バンダイ仮面Ｒゴーストアイコ,430
20151129,ＳＳアロンドラカベルネ,378
20151129,ＳＢトイレスタンプジェルライ替,480
20151129,しなの信州そばチャック５００,258
20151129,柄木田製粉寒冷地仕込みうどん,278
20151129,ニコニコ有明産味のり銀,478
20151129,ハクサイ                ,138
20151129,ブリアラ               ,500
20151129,丸美屋仮面ライダーふりかけ,198
20151129,ヤオコートマトケチャップ５,128
20151129,キューピーマヨネーズ４５０ｇ,158
20151129,キューピーハーフ４００ｇ,158
20151129,デビカフワフワかるーんネンド,284
20151129,はごろもフーズシーチキンＬフレ,378
20151129,グリコペロティミッキー＆ミニー,100
20151129, 2コ イジョウ 1コ\150    ,300
20151128,不二家アンパンマングミ（ぶどう,68
20151128,コクサンブタロース          ,482
20151128,コクサンブタロース          ,593
20151128,Ｓホワイトベルグ３５０６缶,628
20151128,ビンチヨウマグロ          ,284
20151128,サーロインステーキヨウ         ,1098
20151128,ビンチヨウマグロ          ,285
20151128,サトイモ                ,219
20151128,陽当りみかん特大,698
20151128,ビターズほろにが柚子３５０,103
20151128,名古屋食糧宮城産ひとめぼれ,1880
20151128,名古屋食糧宮城産ひとめぼれ,0
20151123,マコトミニパック皮むきいりご,74
20151123,マコトミニパック皮むきいりご,74
20151123,明治超ひもＱコーラ＆ソーダ１本,58
20151123,日清シスコごろグラアップル,258
20151123,日清シスコごろグラコーンシチュ,258
20151123,キリン氷結福島産梨,103
20151123,キリンビターズレモンライ３５０,112
20151123,明治ブルガリアヨーグルトＬＢ８１４５０ｇ,138
20151123,シマチョウヤキニクヨウ         ,330
20151123,明治ブルガリアヨーグルトＬＢ８１４５０ｇ,138
20151123,明治ブルガリアヨーグルトＬＢ８１４５０ｇ,138
20151123,明治ブルガリアヨーグルトＬＢ８１４５０ｇ,138
20151123,トリムネニク              ,484
20151123,トリムネニク              ,482
20151123,バンダイ仮面Ｒゴーストアイコ,430
20151123,バンダイ仮面Ｒゴーストアイコ,430
20151123,柑橘香るペールエール,265
20151123,サッポロホワイトベルグ３５０,105
20151123,はごろも国産みかん３５０ｇ,228
20151123,森永サンキスト１００％オレンジ１０００ｍｌ,158
20151123,森永マミー９００ｍｌ,75
20151123,森永サンキストフルーツミックスバナナ１０,158
20151123,明治おいしい牛乳１０００ｍｌ,218
20151123,ミニトマト               ,229
20151123,ヤオコー本当に旨い餡饅Ｄ〓１３個入,328
20151123,ヤオコー本当に旨い肉饅Ｄ〓１３個入,328
20151123,ヤオコーこってりジューシー餃子Ｄ〓１９個入,110
20151123,バンホーテンミルクココア２４,278
20151123,ＡＧＦブレンディメロウ＆リッチ,368
20151123,ジモトヤサイ             ,130
20151123,ジモトヤサイ             ,188
20151123,ジモトヤサイ             ,138
20151123,ピーマン小袋,88
20151123,ブタカタロースブロツ        ,663
20151123,ブタカタロースブロツ        ,579
20151122,グリコペロティミッキー＆ミニー,100
20151122,カバヤジューＣカラーボールソ,78
20151122,カバヤジューＣカラーボールソ,78
20151122,ジムビーム,933
20151122,ジモトヤサイ             ,160
20151122,共立徳用クッキーミックス,250
20151122,森永製菓パンケーキミックス,298
20151122,ミカン                 ,149
20151122,サラダヤサイ             ,128
20151122,国産ブロッコリー,99
20151122,こどもハミガキガリガリ君レモン,96
20151122,ヤオコーあく抜き不要こんにゃくＤ〓２０２２０,94
20151120,アプレヴフォレタルＢＮ７５０,1880
20151120,北海道小樽ピーチウィート,278
20151120,ギュウモモブロック         ,708
20151114,ロッテグリーンガム９枚,95
20151114,ＳＳアロンドラカベルネ３Ｌ,1380
20151114,ＳＳアロンドラカベルネ３Ｌ,0
20151114,ナマスジコ(タレツキ)        ,1025
20151114,ヤオコーこだわり白たまご１０個入Ｄ〓３,198
20151114,メバチマグロアカミ         ,959
20151114,ナマスジコ(タレツキ)        ,1185
20151114,東海こくうまキムチ３２０ｇＤ〓５,198
20151114,テスおろぽん３００ｍｌ,166
20151114,プリマーリオホールトマト,118
20151114,プリマーリオホールトマト,118
20151114,マダコ(チユウ)           ,314
20151114,あじバラ,99
20151114,トラウトサーモン            ,567
20151108,ＳＳアロンドラカベルネ,378
20151108,ブタブロツク            ,847
20151108,ブタブロツク            ,721
20151108,カンコクフウホルモンヤキ        ,195
20151108,ジモトヤサイ             ,138
20151108,ジモトヤサイ             ,100
20151108,ミドリパイナップル,198
20151108,スターセレクトミートボール１２５ｇ×３,278
20151108,トラウトサーモン            ,678
20151108,ミツカン金のつぶぱきっ！とたれとろっ豆Ｄ,94
20151108,日の出佐賀大豆手造りのとても堅い木綿Ｄ〓１,198
20151108,国産ブロッコリー,198
20151108,ジモトヤサイ             ,340
20151107,Ｓホワイトベルグ５００,155
20151107,ＬＦＥカベルネ７５０,598
20151107,トモエ１０種の野菜＆フルーツＤ〓２１Ｌ,99
20151107,ニクシユウマイ             ,303
20151107,ニクシユウマイ             ,303
20151107,森永北海道バター２００ｇＤ〓３０,405
20151107,ティンカーベルたまごパンチーズ１４個入Ｄ,438
20151103,Ｓホワイトベルグ５００,155
20151103,ＳＳストロングレモン３５０,84
20151103,めいらく豆腐もできる有機豆乳９００ｍｌＤ〓,208
20151103,トロピカーナ１００％パイン１ＬＤ〓３,198
20151103,ロッテグリーンガム９枚,95
20151103,ヤオコー１便那須牛乳１０００ｍｌ,159
20151103,日光食品日光国産おから３００ｇＤ〓２,94
20151103,共立徳用ベーキングパウダー,248
20151103,グローバルチーズチーズマルシェ９０ｇＤ〓２０,349
20151103,トリムネニク              ,446
20151103,トンボ鉛筆消ゴムＰＥ〓０４,74
20151102,モントワールＤＩＳチロルチョコ,118
20151102,モントワールＤＩＳチロルチョコ,118
20151102,明治果汁グミ温州みかん５１ｇ,88
20151102,明治果汁グミぶどう５１ｇ,88
20151102,ギュウモモブロック         ,893
20151102,明治果汁グミいちご５１ｇ,88
20151102,サンチヨククダモノ          ,224
20151102,トゥールデバスティオン赤７５０,898
20151102,ジモトヤサイ             ,250
20151102,ヤオコーこだわり白たまご１０個入Ｄ〓３,208
20151102,ビターズほろにが柚子３５０,103
20151102,ブタモモキリオトシ          ,351
20151102,人参大袋,298
20151102,一口生椎茸（菌床）,198
20151102,エリンギ小パック,128
20151102,えのき茸大袋,138
20151101,花王バブゆずの香り２０錠,665
20151101,花王バブ森の香り２０錠,665
20151101,森永製菓パンケーキミックス,298
20151101,サッポロホワイトベルグ３５０,105
20151101,樹になるやつシナノスウィート,598
20151101,パプリカ赤ＭＫ,138
20151101,パプリカ赤ＭＫ,138
20151101,ヤオコー絹豆腐４００ｇＤ〓２,75
20151101,ナマアキサケ2キレ           ,445
20151101,ナマアキサケ2キレ           ,433
20151101,ナマアキサケ              ,334
20151101,森永マミー９００ｍｌ,94
20151101,森永サンキスト１００％アップル１０００ｍｌ,158
20151101,森永コーラスウォター９００ｍｌ,75
20151101,森永サンキスト１００％オレンジ１０００ｍｌ,158
20151101,森永サンキストフルーツミックスバナナ１０,158
20151031,北海道小樽レモンラガー３３０,278
20151031,北海道小樽メロンエール３３０,278
20151031,ＳＳアロンドラカベルネ,378
20151031,森永ビヒダスプレーンＹＧ４００ｇＢＢ５３６,128
20151031,森永ビヒダスプレーンＹＧ４００ｇＢＢ５３６,128
20151025,ＳＳアロンドラカベルネ,378
20151025,森永北海道バター２００ｇＤ〓３０,405
20151025,スターバックス抹茶ラテ２００ｍｌ,94
20151025,スターバックス抹茶ラテ２００ｍｌ,94
20151025,スターバックス抹茶ラテ２００ｍｌ,94
20151025,トリムネニク              ,476
20151025,早生ふじ小袋,498
20151025,アボカド中玉,99
20151025,アボカド中玉,99
20151025,サンヨー塩らーめんが鍋になり,298
20151025,サンヨーみそラーメン鍋２８４,298
20151024,ミツカン金のつぶぱきっ！とたれとろっ豆Ｄ,94
20151024,ヤオコー１便那須牛乳１０００ｍｌ,159
20151024,ヤオコーグレープ１００％ジュース１０００ｍｌ,118
20151024,森永サンキスト１００％アップル１０００ｍｌ,158
20151024,ヤオコー１便那須牛乳１０００ｍｌ,159
20151017,カルピス味わいマンゴーオ・レ,84
20151017,Ｓホワイトベルグ５００×６,920
20151017,ヨークピルクル１ＬＤ〓３,126
20151017,キッコーマン特選丸大豆醤油,298
20151017,オリテラＥＸＶオリーブオイル,798
20151017,Ｙｅｓ！キッチンパック８０枚,94
20151017,クラシエＦぷちっとくだものぶど,95
20151017,トリムネニク              ,347
20151017,マダイ                ,198
20151017,マダコ(チユウ)           ,334
20151017,いなば毎日サラダミックスビ,118
20151017,いなば毎日サラダミックスビ,118
20151017,ヤオコー食塩無添加コーン６缶,398
20151017,アボカド中玉,99
20151017,アボカド中玉,99
20151017,ギュウモモブロック         ,938
20151017,ヤオコーツインパック絹豆腐２００ｇ×２,89
20151017,加藤産業だしパック１５Ｐ,198
20151017,ヤマモリタイデリマッサマンチ,198
20151017,ミツカン純米酢５００ｍｌ,348
20151017,サニーレタス,158
20151017,ロッテいちごつみ３本,58
20151017,マルカワフィリックスガム,10
20151012,おもちゃカボチャ,150
20151012,おもちゃカボチャ,150
20151012,おもちゃカボチャ,150
20151012,シマチョウヤキニクヨウ         ,352
20151012,アスパラガス            ,284
20151012,ロッテいちごつみ３本,58
